-- ============================================
-- KYX ç­¾åˆ°ç³»ç»Ÿ - ç§˜å¢ƒæŠ½å¥–ç³»ç»Ÿæ•°æ®åº“è®¾è®¡
-- åŸºäºŽçŽ°æœ‰ç”¨æˆ·ç­‰çº§ç³»ç»Ÿçš„å®Œæ•´æŠ½å¥–åŠŸèƒ½
-- ============================================

-- ============================================
-- 1. ä¸»å¥–å“æ± è¡¨ - å­˜å‚¨æ‰€æœ‰å¯ç”¨å¥–å“æ¨¡æ¿
-- ============================================

CREATE TABLE IF NOT EXISTS prize_pool (
    id INTEGER PRIMARY KEY AUTOINCREMENT,
    prize_name TEXT NOT NULL,                    -- å¥–å“åç§°
    prize_description TEXT,                      -- å¥–å“æè¿°
    prize_type TEXT NOT NULL,                    -- å¥–å“ç±»åž‹: redemption_code, experience, level_boost, signin_effect
    prize_value REAL NOT NULL,                   -- å¥–å“æ•°å€¼ï¼ˆé‡‘é¢/ç»éªŒå€¼/ç­‰çº§æ•°ï¼‰
    prize_rarity TEXT NOT NULL DEFAULT 'common', -- ç¨€æœ‰åº¦: common, rare, epic, legendary
    prize_icon TEXT,                             -- å¥–å“å›¾æ ‡
    prize_color TEXT DEFAULT '#3498db',          -- å¥–å“é¢œè‰²
    effect_duration INTEGER DEFAULT 0,           -- æ•ˆæžœæŒç»­æ—¶é—´ï¼ˆå°æ—¶ï¼Œ0è¡¨ç¤ºæ°¸ä¹…ï¼‰
    effect_multiplier REAL DEFAULT 1.0,          -- æ•ˆæžœå€æ•°ï¼ˆç”¨äºŽç­¾åˆ°å¢žç›Šç­‰ï¼‰
    is_punishment BOOLEAN DEFAULT FALSE,         -- æ˜¯å¦ä¸ºæƒ©ç½šç±»å¥–å“
    is_active BOOLEAN DEFAULT TRUE,              -- æ˜¯å¦å¯ç”¨
    min_user_level INTEGER DEFAULT 1,            -- æœ€ä½Žç”¨æˆ·ç­‰çº§è¦æ±‚
    max_user_level INTEGER DEFAULT 13,           -- æœ€é«˜ç”¨æˆ·ç­‰çº§è¦æ±‚
    created_by INTEGER NOT NULL,                 -- åˆ›å»ºè€…ç®¡ç†å‘˜ID
    created_at TEXT DEFAULT (datetime('now')),
    updated_at TEXT DEFAULT (datetime('now')),
    FOREIGN KEY (created_by) REFERENCES admins (id)
);

-- ============================================
-- 2. è½¬ç›˜é…ç½®è¡¨ - æ¯ä¸ªç­‰çº§çš„è½¬ç›˜åŸºç¡€é…ç½®
-- ============================================

CREATE TABLE IF NOT EXISTS wheel_config (
    id INTEGER PRIMARY KEY AUTOINCREMENT,
    config_name TEXT NOT NULL,                   -- é…ç½®åç§°
    target_user_level INTEGER NOT NULL,          -- ç›®æ ‡ç”¨æˆ·ç­‰çº§
    max_daily_spins INTEGER DEFAULT 3,           -- æ¯æ—¥æœ€å¤§æŠ½å¥–æ¬¡æ•°
    spin_cost_type TEXT DEFAULT 'free',          -- æ¶ˆè€—ç±»åž‹: free, experience, money
    spin_cost_amount REAL DEFAULT 0,             -- æ¶ˆè€—æ•°é‡
    pity_threshold INTEGER DEFAULT 10,           -- ä¿åº•è§¦å‘æ¬¡æ•°
    pity_prize_id INTEGER,                       -- ä¿åº•å¥–å“ID
    is_active BOOLEAN DEFAULT TRUE,              -- æ˜¯å¦å¯ç”¨
    active_start_time TEXT,                      -- æ´»åŠ¨å¼€å§‹æ—¶é—´
    active_end_time TEXT,                        -- æ´»åŠ¨ç»“æŸæ—¶é—´
    daily_reset_hour INTEGER DEFAULT 0,          -- æ¯æ—¥é‡ç½®æ—¶é—´ï¼ˆå°æ—¶ï¼‰
    description TEXT,                            -- è½¬ç›˜æè¿°
    background_image TEXT,                       -- è½¬ç›˜èƒŒæ™¯å›¾
    created_by INTEGER NOT NULL,                 -- åˆ›å»ºè€…ç®¡ç†å‘˜ID
    created_at TEXT DEFAULT (datetime('now')),
    updated_at TEXT DEFAULT (datetime('now')),
    FOREIGN KEY (target_user_level) REFERENCES user_levels (id),
    FOREIGN KEY (pity_prize_id) REFERENCES prize_pool (id),
    FOREIGN KEY (created_by) REFERENCES admins (id),
    UNIQUE(target_user_level, config_name)
);

-- ============================================
-- 3. è½¬ç›˜ç‰©å“å…³è”è¡¨ - è½¬ç›˜ä¸­çš„å…·ä½“å¥–å“é…ç½®
-- ============================================

CREATE TABLE IF NOT EXISTS wheel_items (
    id INTEGER PRIMARY KEY AUTOINCREMENT,
    wheel_config_id INTEGER NOT NULL,            -- è½¬ç›˜é…ç½®ID
    prize_id INTEGER NOT NULL,                   -- å¥–å“ID
    probability INTEGER NOT NULL,                -- ä¸­å¥–æ¦‚çŽ‡ï¼ˆ1-99çš„æ•´æ•°ï¼‰
    position_index INTEGER NOT NULL,             -- åœ¨è½¬ç›˜ä¸­çš„ä½ç½®ï¼ˆ0-9ï¼‰
    is_pity_item BOOLEAN DEFAULT FALSE,          -- æ˜¯å¦ä¸ºä¿åº•ç‰©å“
    weight_multiplier REAL DEFAULT 1.0,          -- æƒé‡å€æ•°
    created_at TEXT DEFAULT (datetime('now')),
    FOREIGN KEY (wheel_config_id) REFERENCES wheel_config (id) ON DELETE CASCADE,
    FOREIGN KEY (prize_id) REFERENCES prize_pool (id),
    UNIQUE(wheel_config_id, position_index),
    CHECK(probability >= 1 AND probability <= 99),
    CHECK(position_index >= 0 AND position_index <= 9)
);

-- ============================================
-- 4. ç”¨æˆ·æ´»åŠ¨æ•ˆæžœè¡¨ - è®°å½•ç”¨æˆ·å½“å‰çš„æ—¶æ•ˆæ€§æ•ˆæžœ
-- ============================================

CREATE TABLE IF NOT EXISTS user_activity_effects (
    id INTEGER PRIMARY KEY AUTOINCREMENT,
    user_id INTEGER NOT NULL,                    -- ç”¨æˆ·ID
    effect_type TEXT NOT NULL,                   -- æ•ˆæžœç±»åž‹: signin_boost, experience_boost, level_lock
    effect_value REAL NOT NULL,                  -- æ•ˆæžœæ•°å€¼
    effect_multiplier REAL DEFAULT 1.0,          -- æ•ˆæžœå€æ•°
    source_prize_id INTEGER,                     -- æ¥æºå¥–å“ID
    source_lottery_id INTEGER,                   -- æ¥æºæŠ½å¥–è®°å½•ID
    start_time TEXT NOT NULL,                    -- æ•ˆæžœå¼€å§‹æ—¶é—´
    end_time TEXT,                               -- æ•ˆæžœç»“æŸæ—¶é—´ï¼ˆNULLè¡¨ç¤ºæ°¸ä¹…ï¼‰
    is_active BOOLEAN DEFAULT TRUE,              -- æ˜¯å¦ç”Ÿæ•ˆ
    description TEXT,                            -- æ•ˆæžœæè¿°
    created_at TEXT DEFAULT (datetime('now')),
    FOREIGN KEY (user_id) REFERENCES users (id),
    FOREIGN KEY (source_prize_id) REFERENCES prize_pool (id),
    FOREIGN KEY (source_lottery_id) REFERENCES user_lottery_records (id)
);

-- ============================================
-- 5. ç”¨æˆ·æŠ½å¥–è®°å½•è¡¨ - è¯¦ç»†çš„æŠ½å¥–åŽ†å²
-- ============================================

CREATE TABLE IF NOT EXISTS user_lottery_records (
    id INTEGER PRIMARY KEY AUTOINCREMENT,
    user_id INTEGER NOT NULL,                    -- ç”¨æˆ·ID
    wheel_config_id INTEGER NOT NULL,            -- ä½¿ç”¨çš„è½¬ç›˜é…ç½®ID
    prize_id INTEGER NOT NULL,                   -- èŽ·å¾—çš„å¥–å“ID
    spin_result_position INTEGER NOT NULL,       -- è½¬ç›˜åœæ­¢ä½ç½®
    is_pity_triggered BOOLEAN DEFAULT FALSE,     -- æ˜¯å¦è§¦å‘ä¿åº•
    spin_cost_type TEXT,                         -- æ¶ˆè€—ç±»åž‹
    spin_cost_amount REAL DEFAULT 0,             -- æ¶ˆè€—æ•°é‡
    reward_delivered BOOLEAN DEFAULT FALSE,      -- å¥–åŠ±æ˜¯å¦å·²å‘æ”¾
    delivery_status TEXT DEFAULT 'pending',      -- å‘æ”¾çŠ¶æ€: pending, success, failed
    delivery_error TEXT,                         -- å‘æ”¾å¤±è´¥åŽŸå› 
    user_level_at_spin INTEGER,                  -- æŠ½å¥–æ—¶ç”¨æˆ·ç­‰çº§
    user_experience_at_spin INTEGER,             -- æŠ½å¥–æ—¶ç”¨æˆ·ç»éªŒ
    spin_timestamp TEXT NOT NULL,                -- æŠ½å¥–æ—¶é—´æˆ³
    ip_address TEXT,                             -- ç”¨æˆ·IPåœ°å€
    user_agent TEXT,                             -- ç”¨æˆ·ä»£ç†
    created_at TEXT DEFAULT (datetime('now')),
    FOREIGN KEY (user_id) REFERENCES users (id),
    FOREIGN KEY (wheel_config_id) REFERENCES wheel_config (id),
    FOREIGN KEY (prize_id) REFERENCES prize_pool (id)
);

-- ============================================
-- 6. ç”¨æˆ·æŠ½å¥–ç»Ÿè®¡è¡¨ - ç”¨æˆ·æŠ½å¥–æ±‡æ€»æ•°æ®
-- ============================================

CREATE TABLE IF NOT EXISTS user_lottery_stats (
    id INTEGER PRIMARY KEY AUTOINCREMENT,
    user_id INTEGER NOT NULL,                    -- ç”¨æˆ·ID
    wheel_config_id INTEGER NOT NULL,            -- è½¬ç›˜é…ç½®ID
    total_spins INTEGER DEFAULT 0,               -- æ€»æŠ½å¥–æ¬¡æ•°
    daily_spins INTEGER DEFAULT 0,               -- ä»Šæ—¥æŠ½å¥–æ¬¡æ•°
    last_spin_date TEXT,                         -- æœ€åŽæŠ½å¥–æ—¥æœŸ
    pity_counter INTEGER DEFAULT 0,              -- ä¿åº•è®¡æ•°å™¨
    last_pity_reset_time TEXT,                   -- æœ€åŽä¿åº•é‡ç½®æ—¶é—´
    total_rewards_value REAL DEFAULT 0,          -- æ€»å¥–åŠ±ä»·å€¼
    best_prize_rarity TEXT,                      -- æœ€ä½³å¥–å“ç¨€æœ‰åº¦
    consecutive_days INTEGER DEFAULT 0,          -- è¿žç»­æŠ½å¥–å¤©æ•°
    last_reset_time TEXT,                        -- æœ€åŽé‡ç½®æ—¶é—´
    created_at TEXT DEFAULT (datetime('now')),
    updated_at TEXT DEFAULT (datetime('now')),
    FOREIGN KEY (user_id) REFERENCES users (id),
    FOREIGN KEY (wheel_config_id) REFERENCES wheel_config (id),
    UNIQUE(user_id, wheel_config_id)
);

-- ============================================
-- 7. æŠ½å¥–ç³»ç»Ÿé…ç½®è¡¨ - å…¨å±€ç³»ç»Ÿé…ç½®
-- ============================================

CREATE TABLE IF NOT EXISTS lottery_system_config (
    id INTEGER PRIMARY KEY AUTOINCREMENT,
    config_key TEXT UNIQUE NOT NULL,             -- é…ç½®é”®
    config_value TEXT NOT NULL,                  -- é…ç½®å€¼
    config_type TEXT NOT NULL,                   -- é…ç½®ç±»åž‹: string, integer, float, boolean, json
    config_description TEXT,                     -- é…ç½®æè¿°
    is_editable BOOLEAN DEFAULT TRUE,            -- æ˜¯å¦å¯ç¼–è¾‘
    created_at TEXT DEFAULT (datetime('now')),
    updated_at TEXT DEFAULT (datetime('now'))
);

-- ============================================
-- 8. ç´¢å¼•åˆ›å»º
-- ============================================

-- å¥–å“æ± ç´¢å¼•
CREATE INDEX IF NOT EXISTS idx_prize_pool_type ON prize_pool(prize_type);
CREATE INDEX IF NOT EXISTS idx_prize_pool_rarity ON prize_pool(prize_rarity);
CREATE INDEX IF NOT EXISTS idx_prize_pool_level_range ON prize_pool(min_user_level, max_user_level);
CREATE INDEX IF NOT EXISTS idx_prize_pool_active ON prize_pool(is_active);

-- è½¬ç›˜é…ç½®ç´¢å¼•
CREATE INDEX IF NOT EXISTS idx_wheel_config_level ON wheel_config(target_user_level);
CREATE INDEX IF NOT EXISTS idx_wheel_config_active ON wheel_config(is_active);
CREATE INDEX IF NOT EXISTS idx_wheel_config_time ON wheel_config(active_start_time, active_end_time);

-- è½¬ç›˜ç‰©å“ç´¢å¼•
CREATE INDEX IF NOT EXISTS idx_wheel_items_config ON wheel_items(wheel_config_id);
CREATE INDEX IF NOT EXISTS idx_wheel_items_prize ON wheel_items(prize_id);
CREATE INDEX IF NOT EXISTS idx_wheel_items_position ON wheel_items(wheel_config_id, position_index);

-- ç”¨æˆ·æ•ˆæžœç´¢å¼•
CREATE INDEX IF NOT EXISTS idx_user_effects_user ON user_activity_effects(user_id);
CREATE INDEX IF NOT EXISTS idx_user_effects_active ON user_activity_effects(is_active);
CREATE INDEX IF NOT EXISTS idx_user_effects_time ON user_activity_effects(start_time, end_time);
CREATE INDEX IF NOT EXISTS idx_user_effects_type ON user_activity_effects(effect_type);

-- æŠ½å¥–è®°å½•ç´¢å¼•
CREATE INDEX IF NOT EXISTS idx_lottery_records_user ON user_lottery_records(user_id);
CREATE INDEX IF NOT EXISTS idx_lottery_records_wheel ON user_lottery_records(wheel_config_id);
CREATE INDEX IF NOT EXISTS idx_lottery_records_time ON user_lottery_records(spin_timestamp);
CREATE INDEX IF NOT EXISTS idx_lottery_records_prize ON user_lottery_records(prize_id);
CREATE INDEX IF NOT EXISTS idx_lottery_records_delivery ON user_lottery_records(reward_delivered, delivery_status);

-- æŠ½å¥–ç»Ÿè®¡ç´¢å¼•
CREATE INDEX IF NOT EXISTS idx_lottery_stats_user ON user_lottery_stats(user_id);
CREATE INDEX IF NOT EXISTS idx_lottery_stats_wheel ON user_lottery_stats(wheel_config_id);
CREATE INDEX IF NOT EXISTS idx_lottery_stats_date ON user_lottery_stats(last_spin_date);

-- ============================================
-- 9. è§¦å‘å™¨ - è‡ªåŠ¨ç»´æŠ¤ç»Ÿè®¡æ•°æ®
-- ============================================

-- æŠ½å¥–åŽè‡ªåŠ¨æ›´æ–°ç»Ÿè®¡æ•°æ®
CREATE TRIGGER IF NOT EXISTS update_lottery_stats_after_spin
AFTER INSERT ON user_lottery_records
FOR EACH ROW
BEGIN
    -- æ›´æ–°æˆ–æ’å…¥ç”¨æˆ·æŠ½å¥–ç»Ÿè®¡
    INSERT OR REPLACE INTO user_lottery_stats (
        user_id, wheel_config_id, total_spins, daily_spins, last_spin_date,
        pity_counter, total_rewards_value, updated_at
    ) VALUES (
        NEW.user_id,
        NEW.wheel_config_id,
        COALESCE((SELECT total_spins FROM user_lottery_stats
                 WHERE user_id = NEW.user_id AND wheel_config_id = NEW.wheel_config_id), 0) + 1,
        CASE
            WHEN date(NEW.spin_timestamp) = date('now') THEN
                COALESCE((SELECT daily_spins FROM user_lottery_stats
                         WHERE user_id = NEW.user_id AND wheel_config_id = NEW.wheel_config_id
                         AND date(last_spin_date) = date('now')), 0) + 1
            ELSE 1
        END,
        NEW.spin_timestamp,
        CASE
            WHEN NEW.is_pity_triggered = TRUE THEN 0
            ELSE COALESCE((SELECT pity_counter FROM user_lottery_stats
                          WHERE user_id = NEW.user_id AND wheel_config_id = NEW.wheel_config_id), 0) + 1
        END,
        COALESCE((SELECT total_rewards_value FROM user_lottery_stats
                 WHERE user_id = NEW.user_id AND wheel_config_id = NEW.wheel_config_id), 0) +
        COALESCE((SELECT prize_value FROM prize_pool WHERE id = NEW.prize_id), 0),
        datetime('now')
    );
END;

-- è‡ªåŠ¨æ¸…ç†è¿‡æœŸæ•ˆæžœ
CREATE TRIGGER IF NOT EXISTS cleanup_expired_effects
AFTER UPDATE ON user_activity_effects
FOR EACH ROW
WHEN NEW.end_time IS NOT NULL AND datetime(NEW.end_time) <= datetime('now')
BEGIN
    UPDATE user_activity_effects
    SET is_active = FALSE
    WHERE id = NEW.id;
END;

-- ============================================
-- 10. åˆå§‹æ•°æ®æ’å…¥
-- ============================================

-- æ’å…¥ç³»ç»Ÿé…ç½®
INSERT OR REPLACE INTO lottery_system_config (config_key, config_value, config_type, config_description) VALUES
('system_enabled', 'true', 'boolean', 'æŠ½å¥–ç³»ç»Ÿæ€»å¼€å…³'),
('max_daily_spins_global', '10', 'integer', 'å…¨å±€æ¯æ—¥æœ€å¤§æŠ½å¥–æ¬¡æ•°'),
('pity_system_enabled', 'true', 'boolean', 'ä¿åº•ç³»ç»Ÿå¼€å…³'),
('effect_cleanup_interval', '3600', 'integer', 'æ•ˆæžœæ¸…ç†é—´éš”ï¼ˆç§’ï¼‰'),
('spin_animation_duration', '3000', 'integer', 'è½¬ç›˜åŠ¨ç”»æŒç»­æ—¶é—´ï¼ˆæ¯«ç§’ï¼‰'),
('reward_delivery_timeout', '30', 'integer', 'å¥–åŠ±å‘æ”¾è¶…æ—¶æ—¶é—´ï¼ˆç§’ï¼‰'),
('log_retention_days', '90', 'integer', 'æ—¥å¿—ä¿ç•™å¤©æ•°'),
('maintenance_mode', 'false', 'boolean', 'ç»´æŠ¤æ¨¡å¼å¼€å…³');

-- æ’å…¥åŸºç¡€å¥–å“æ± æ•°æ®
INSERT OR REPLACE INTO prize_pool (
    id, prize_name, prize_description, prize_type, prize_value, prize_rarity,
    prize_icon, prize_color, effect_duration, effect_multiplier, is_punishment,
    min_user_level, max_user_level, created_by
) VALUES
-- é€šç”¨å¥–å“ï¼ˆæ‰€æœ‰ç­‰çº§å¯ç”¨ï¼‰
(1, 'å°é¢å…‘æ¢ç ', 'èŽ·å¾—5å…ƒå…‘æ¢ç ', 'redemption_code', 5.0, 'common', 'ðŸ’°', '#27ae60', 0, 1.0, FALSE, 1, 13, 1),
(2, 'ä¸­é¢å…‘æ¢ç ', 'èŽ·å¾—10å…ƒå…‘æ¢ç ', 'redemption_code', 10.0, 'rare', 'ðŸ’Ž', '#3498db', 0, 1.0, FALSE, 1, 13, 1),
(3, 'å¤§é¢å…‘æ¢ç ', 'èŽ·å¾—20å…ƒå…‘æ¢ç ', 'redemption_code', 20.0, 'epic', 'ðŸ’', '#9b59b6', 0, 1.0, FALSE, 1, 13, 1),
(4, 'å·¨é¢å…‘æ¢ç ', 'èŽ·å¾—50å…ƒå…‘æ¢ç ', 'redemption_code', 50.0, 'legendary', 'ðŸ‘‘', '#f39c12', 0, 1.0, FALSE, 1, 13, 1),

-- ç»éªŒå€¼å¥–åŠ±
(5, 'ç»éªŒå°åŒ…', 'èŽ·å¾—50ç‚¹ç»éªŒå€¼', 'experience', 50, 'common', 'ðŸ“š', '#27ae60', 0, 1.0, FALSE, 1, 13, 1),
(6, 'ç»éªŒä¸­åŒ…', 'èŽ·å¾—100ç‚¹ç»éªŒå€¼', 'experience', 100, 'rare', 'ðŸ“–', '#3498db', 0, 1.0, FALSE, 1, 13, 1),
(7, 'ç»éªŒå¤§åŒ…', 'èŽ·å¾—200ç‚¹ç»éªŒå€¼', 'experience', 200, 'epic', 'ðŸ“œ', '#9b59b6', 0, 1.0, FALSE, 1, 13, 1),
(8, 'ç»éªŒå·¨åŒ…', 'èŽ·å¾—500ç‚¹ç»éªŒå€¼', 'experience', 500, 'legendary', 'ðŸŽ“', '#f39c12', 0, 1.0, FALSE, 1, 13, 1),

-- ç­¾åˆ°å¢žç›Šæ•ˆæžœ
(9, 'ç­¾åˆ°åŒå€', '24å°æ—¶å†…ç­¾åˆ°ç»éªŒç¿»å€', 'signin_effect', 0, 'rare', 'âš¡', '#e74c3c', 24, 2.0, FALSE, 1, 13, 1),
(10, 'ç­¾åˆ°ä¸‰å€', '12å°æ—¶å†…ç­¾åˆ°ç»éªŒä¸‰å€', 'signin_effect', 0, 'epic', 'ðŸ”¥', '#e67e22', 12, 3.0, FALSE, 3, 13, 1),
(11, 'ç­¾åˆ°äº”å€', '6å°æ—¶å†…ç­¾åˆ°ç»éªŒäº”å€', 'signin_effect', 0, 'legendary', 'ðŸ’«', '#f1c40f', 6, 5.0, FALSE, 5, 13, 1),

-- æƒ©ç½šç±»å¥–å“
(12, 'ç»éªŒæµå¤±', 'å¤±åŽ»30ç‚¹ç»éªŒå€¼', 'experience', -30, 'common', 'ðŸ’€', '#95a5a6', 0, 1.0, TRUE, 1, 13, 1),
(13, 'ç­¾åˆ°å‡åŠ', '24å°æ—¶å†…ç­¾åˆ°ç»éªŒå‡åŠ', 'signin_effect', 0, 'common', 'ðŸŒ', '#7f8c8d', 24, 0.5, TRUE, 1, 13, 1),

-- é«˜çº§å¥–å“ï¼ˆé«˜ç­‰çº§ä¸“ç”¨ï¼‰
(14, 'ç­‰çº§æå‡', 'ç›´æŽ¥èŽ·å¾—1000ç»éªŒå€¼', 'experience', 1000, 'legendary', 'ðŸŒŸ', '#8e44ad', 0, 1.0, FALSE, 8, 13, 1),
(15, 'è¶…çº§å…‘æ¢ç ', 'èŽ·å¾—100å…ƒå…‘æ¢ç ', 'redemption_code', 100.0, 'legendary', 'ðŸ’¸', '#c0392b', 0, 1.0, FALSE, 10, 13, 1);

-- ä¸ºæ¯ä¸ªç”¨æˆ·ç­‰çº§åˆ›å»ºåŸºç¡€è½¬ç›˜é…ç½®
INSERT OR REPLACE INTO wheel_config (
    id, config_name, target_user_level, max_daily_spins, spin_cost_type, spin_cost_amount,
    pity_threshold, pity_prize_id, is_active, description, created_by
) VALUES
(1, 'ç‚¼æ°”å¢ƒè½¬ç›˜', 1, 3, 'free', 0, 10, 2, TRUE, 'ç‚¼æ°”å¢ƒç•Œä¸“å±žè½¬ç›˜ï¼Œé€‚åˆæ–°æ‰‹ä¿®ç‚¼è€…', 1),
(2, 'ç­‘åŸºå¢ƒè½¬ç›˜', 2, 3, 'free', 0, 9, 2, TRUE, 'ç­‘åŸºå¢ƒç•Œä¸“å±žè½¬ç›˜ï¼Œæ ¹åŸºç¨³å›ºè€…çš„é€‰æ‹©', 1),
(3, 'ç»“ä¸¹å¢ƒè½¬ç›˜', 3, 4, 'free', 0, 8, 3, TRUE, 'ç»“ä¸¹å¢ƒç•Œä¸“å±žè½¬ç›˜ï¼Œé‡‘ä¸¹å‡èšçš„åŠ›é‡', 1),
(4, 'å…ƒå©´å¢ƒè½¬ç›˜', 4, 4, 'free', 0, 8, 3, TRUE, 'å…ƒå©´å¢ƒç•Œä¸“å±žè½¬ç›˜ï¼Œç¥žè¯†å¼ºå¤§çš„ä½“çŽ°', 1),
(5, 'åŒ–ç¥žå¢ƒè½¬ç›˜', 5, 5, 'free', 0, 7, 4, TRUE, 'åŒ–ç¥žå¢ƒç•Œä¸“å±žè½¬ç›˜ï¼ŒæŽŒæ¡ç¥žé€šçš„å¥¥ç§˜', 1),
(6, 'ç‚¼è™šå¢ƒè½¬ç›˜', 6, 5, 'free', 0, 7, 4, TRUE, 'ç‚¼è™šå¢ƒç•Œä¸“å±žè½¬ç›˜ï¼Œè¶…è„±å‡¡ä¿—çš„å¢ƒç•Œ', 1),
(7, 'åˆä½“å¢ƒè½¬ç›˜', 7, 6, 'free', 0, 6, 4, TRUE, 'åˆä½“å¢ƒç•Œä¸“å±žè½¬ç›˜ï¼Œå¤©äººåˆä¸€çš„æ„Ÿæ‚Ÿ', 1),
(8, 'å¤§ä¹˜å¢ƒè½¬ç›˜', 8, 6, 'free', 0, 6, 8, TRUE, 'å¤§ä¹˜å¢ƒç•Œä¸“å±žè½¬ç›˜ï¼ŒæŽ¥è¿‘ä»™é“çš„åŠ›é‡', 1),
(9, 'çœŸä»™å¢ƒè½¬ç›˜', 9, 7, 'free', 0, 5, 8, TRUE, 'çœŸä»™å¢ƒç•Œä¸“å±žè½¬ç›˜ï¼Œè¶…è„±ç”Ÿæ­»çš„å­˜åœ¨', 1),
(10, 'é‡‘ä»™å¢ƒè½¬ç›˜', 10, 7, 'free', 0, 5, 14, TRUE, 'é‡‘ä»™å¢ƒç•Œä¸“å±žè½¬ç›˜ï¼Œä¸æœ½ä¸ç­çš„ä½“é­„', 1),
(11, 'å¤ªä¹™å¢ƒè½¬ç›˜', 11, 8, 'free', 0, 4, 14, TRUE, 'å¤ªä¹™å¢ƒç•Œä¸“å±žè½¬ç›˜ï¼ŒæŽŒæŽ§æ—¶ç©ºçš„èƒ½åŠ›', 1),
(12, 'å¤§ç½—å¢ƒè½¬ç›˜', 12, 8, 'free', 0, 4, 15, TRUE, 'å¤§ç½—å¢ƒç•Œä¸“å±žè½¬ç›˜ï¼Œè¶…è¶Šæ—¶ç©ºçš„å­˜åœ¨', 1),
(13, 'é“ç¥–å¢ƒè½¬ç›˜', 13, 10, 'free', 0, 3, 15, TRUE, 'é“ç¥–å¢ƒç•Œä¸“å±žè½¬ç›˜ï¼Œå¼€å¤©è¾Ÿåœ°çš„è‡³å°Š', 1);

-- ============================================
-- 11. è½¬ç›˜ç‰©å“é…ç½®åˆå§‹åŒ–
-- ============================================

-- ç‚¼æ°”å¢ƒè½¬ç›˜é…ç½® (ID=1)
INSERT OR REPLACE INTO wheel_items (wheel_config_id, prize_id, probability, position_index, is_pity_item) VALUES
(1, 1, 30, 0, FALSE),   -- å°é¢å…‘æ¢ç  30%
(1, 5, 25, 1, FALSE),   -- ç»éªŒå°åŒ… 25%
(1, 12, 15, 2, FALSE),  -- ç»éªŒæµå¤± 15%
(1, 13, 10, 3, FALSE),  -- ç­¾åˆ°å‡åŠ 10%
(1, 2, 8, 4, FALSE),    -- ä¸­é¢å…‘æ¢ç  8%
(1, 6, 7, 5, FALSE),    -- ç»éªŒä¸­åŒ… 7%
(1, 9, 3, 6, FALSE),    -- ç­¾åˆ°åŒå€ 3%
(1, 3, 2, 7, TRUE);     -- å¤§é¢å…‘æ¢ç  2% (ä¿åº•ç‰©å“)

-- ç­‘åŸºå¢ƒè½¬ç›˜é…ç½® (ID=2)
INSERT OR REPLACE INTO wheel_items (wheel_config_id, prize_id, probability, position_index, is_pity_item) VALUES
(2, 1, 25, 0, FALSE),   -- å°é¢å…‘æ¢ç  25%
(2, 5, 20, 1, FALSE),   -- ç»éªŒå°åŒ… 20%
(2, 2, 15, 2, FALSE),   -- ä¸­é¢å…‘æ¢ç  15%
(2, 6, 12, 3, FALSE),   -- ç»éªŒä¸­åŒ… 12%
(2, 12, 10, 4, FALSE),  -- ç»éªŒæµå¤± 10%
(2, 9, 8, 5, FALSE),    -- ç­¾åˆ°åŒå€ 8%
(2, 13, 5, 6, FALSE),   -- ç­¾åˆ°å‡åŠ 5%
(2, 3, 3, 7, FALSE),    -- å¤§é¢å…‘æ¢ç  3%
(2, 7, 2, 8, TRUE);     -- ç»éªŒå¤§åŒ… 2% (ä¿åº•ç‰©å“)

-- ç»“ä¸¹å¢ƒè½¬ç›˜é…ç½® (ID=3)
INSERT OR REPLACE INTO wheel_items (wheel_config_id, prize_id, probability, position_index, is_pity_item) VALUES
(3, 2, 22, 0, FALSE),   -- ä¸­é¢å…‘æ¢ç  22%
(3, 6, 18, 1, FALSE),   -- ç»éªŒä¸­åŒ… 18%
(3, 1, 15, 2, FALSE),   -- å°é¢å…‘æ¢ç  15%
(3, 7, 12, 3, FALSE),   -- ç»éªŒå¤§åŒ… 12%
(3, 9, 10, 4, FALSE),   -- ç­¾åˆ°åŒå€ 10%
(3, 3, 8, 5, FALSE),    -- å¤§é¢å…‘æ¢ç  8%
(3, 12, 8, 6, FALSE),   -- ç»éªŒæµå¤± 8%
(3, 10, 4, 7, FALSE),   -- ç­¾åˆ°ä¸‰å€ 4%
(3, 13, 2, 8, FALSE),   -- ç­¾åˆ°å‡åŠ 2%
(3, 4, 1, 9, TRUE);     -- å·¨é¢å…‘æ¢ç  1% (ä¿åº•ç‰©å“)

-- å…ƒå©´å¢ƒè½¬ç›˜é…ç½® (ID=4)
INSERT OR REPLACE INTO wheel_items (wheel_config_id, prize_id, probability, position_index, is_pity_item) VALUES
(4, 2, 20, 0, FALSE),   -- ä¸­é¢å…‘æ¢ç  20%
(4, 6, 18, 1, FALSE),   -- ç»éªŒä¸­åŒ… 18%
(4, 7, 15, 2, FALSE),   -- ç»éªŒå¤§åŒ… 15%
(4, 3, 12, 3, FALSE),   -- å¤§é¢å…‘æ¢ç  12%
(4, 9, 10, 4, FALSE),   -- ç­¾åˆ°åŒå€ 10%
(4, 1, 8, 5, FALSE),    -- å°é¢å…‘æ¢ç  8%
(4, 10, 6, 6, FALSE),   -- ç­¾åˆ°ä¸‰å€ 6%
(4, 12, 5, 7, FALSE),   -- ç»éªŒæµå¤± 5%
(4, 4, 3, 8, FALSE),    -- å·¨é¢å…‘æ¢ç  3%
(4, 8, 3, 9, TRUE);     -- ç»éªŒå·¨åŒ… 3% (ä¿åº•ç‰©å“)

-- åŒ–ç¥žå¢ƒè½¬ç›˜é…ç½® (ID=5)
INSERT OR REPLACE INTO wheel_items (wheel_config_id, prize_id, probability, position_index, is_pity_item) VALUES
(5, 3, 18, 0, FALSE),   -- å¤§é¢å…‘æ¢ç  18%
(5, 7, 16, 1, FALSE),   -- ç»éªŒå¤§åŒ… 16%
(5, 2, 14, 2, FALSE),   -- ä¸­é¢å…‘æ¢ç  14%
(5, 9, 12, 3, FALSE),   -- ç­¾åˆ°åŒå€ 12%
(5, 6, 10, 4, FALSE),   -- ç»éªŒä¸­åŒ… 10%
(5, 10, 8, 5, FALSE),   -- ç­¾åˆ°ä¸‰å€ 8%
(5, 4, 6, 6, FALSE),    -- å·¨é¢å…‘æ¢ç  6%
(5, 8, 5, 7, FALSE),    -- ç»éªŒå·¨åŒ… 5%
(5, 12, 5, 8, FALSE),   -- ç»éªŒæµå¤± 5%
(5, 11, 6, 9, TRUE);    -- ç­¾åˆ°äº”å€ 6% (ä¿åº•ç‰©å“)

-- ç‚¼è™šå¢ƒè½¬ç›˜é…ç½® (ID=6)
INSERT OR REPLACE INTO wheel_items (wheel_config_id, prize_id, probability, position_index, is_pity_item) VALUES
(6, 3, 16, 0, FALSE),   -- å¤§é¢å…‘æ¢ç  16%
(6, 7, 15, 1, FALSE),   -- ç»éªŒå¤§åŒ… 15%
(6, 4, 12, 2, FALSE),   -- å·¨é¢å…‘æ¢ç  12%
(6, 10, 11, 3, FALSE),  -- ç­¾åˆ°ä¸‰å€ 11%
(6, 8, 10, 4, FALSE),   -- ç»éªŒå·¨åŒ… 10%
(6, 2, 9, 5, FALSE),    -- ä¸­é¢å…‘æ¢ç  9%
(6, 9, 8, 6, FALSE),    -- ç­¾åˆ°åŒå€ 8%
(6, 11, 7, 7, FALSE),   -- ç­¾åˆ°äº”å€ 7%
(6, 12, 6, 8, FALSE),   -- ç»éªŒæµå¤± 6%
(6, 14, 6, 9, TRUE);    -- ç­‰çº§æå‡ 6% (ä¿åº•ç‰©å“)

-- åˆä½“å¢ƒè½¬ç›˜é…ç½® (ID=7)
INSERT OR REPLACE INTO wheel_items (wheel_config_id, prize_id, probability, position_index, is_pity_item) VALUES
(7, 4, 15, 0, FALSE),   -- å·¨é¢å…‘æ¢ç  15%
(7, 8, 14, 1, FALSE),   -- ç»éªŒå·¨åŒ… 14%
(7, 3, 13, 2, FALSE),   -- å¤§é¢å…‘æ¢ç  13%
(7, 10, 12, 3, FALSE),  -- ç­¾åˆ°ä¸‰å€ 12%
(7, 7, 11, 4, FALSE),   -- ç»éªŒå¤§åŒ… 11%
(7, 11, 10, 5, FALSE),  -- ç­¾åˆ°äº”å€ 10%
(7, 2, 8, 6, FALSE),    -- ä¸­é¢å…‘æ¢ç  8%
(7, 14, 7, 7, FALSE),   -- ç­‰çº§æå‡ 7%
(7, 9, 5, 8, FALSE),    -- ç­¾åˆ°åŒå€ 5%
(7, 12, 5, 9, TRUE);    -- ç»éªŒæµå¤± 5% (ä¿åº•ç‰©å“)

-- å¤§ä¹˜å¢ƒè½¬ç›˜é…ç½® (ID=8)
INSERT OR REPLACE INTO wheel_items (wheel_config_id, prize_id, probability, position_index, is_pity_item) VALUES
(8, 4, 16, 0, FALSE),   -- å·¨é¢å…‘æ¢ç  16%
(8, 8, 15, 1, FALSE),   -- ç»éªŒå·¨åŒ… 15%
(8, 14, 12, 2, FALSE),  -- ç­‰çº§æå‡ 12%
(8, 11, 11, 3, FALSE),  -- ç­¾åˆ°äº”å€ 11%
(8, 3, 10, 4, FALSE),   -- å¤§é¢å…‘æ¢ç  10%
(8, 10, 9, 5, FALSE),   -- ç­¾åˆ°ä¸‰å€ 9%
(8, 7, 8, 6, FALSE),    -- ç»éªŒå¤§åŒ… 8%
(8, 2, 7, 7, FALSE),    -- ä¸­é¢å…‘æ¢ç  7%
(8, 9, 6, 8, FALSE),    -- ç­¾åˆ°åŒå€ 6%
(8, 12, 6, 9, TRUE);    -- ç»éªŒæµå¤± 6% (ä¿åº•ç‰©å“)

-- çœŸä»™å¢ƒè½¬ç›˜é…ç½® (ID=9)
INSERT OR REPLACE INTO wheel_items (wheel_config_id, prize_id, probability, position_index, is_pity_item) VALUES
(9, 8, 16, 0, FALSE),   -- ç»éªŒå·¨åŒ… 16%
(9, 4, 15, 1, FALSE),   -- å·¨é¢å…‘æ¢ç  15%
(9, 14, 13, 2, FALSE),  -- ç­‰çº§æå‡ 13%
(9, 11, 12, 3, FALSE),  -- ç­¾åˆ°äº”å€ 12%
(9, 3, 10, 4, FALSE),   -- å¤§é¢å…‘æ¢ç  10%
(9, 10, 9, 5, FALSE),   -- ç­¾åˆ°ä¸‰å€ 9%
(9, 7, 8, 6, FALSE),    -- ç»éªŒå¤§åŒ… 8%
(9, 2, 7, 7, FALSE),    -- ä¸­é¢å…‘æ¢ç  7%
(9, 9, 5, 8, FALSE),    -- ç­¾åˆ°åŒå€ 5%
(9, 12, 5, 9, TRUE);    -- ç»éªŒæµå¤± 5% (ä¿åº•ç‰©å“)

-- é‡‘ä»™å¢ƒè½¬ç›˜é…ç½® (ID=10)
INSERT OR REPLACE INTO wheel_items (wheel_config_id, prize_id, probability, position_index, is_pity_item) VALUES
(10, 14, 18, 0, FALSE), -- ç­‰çº§æå‡ 18%
(10, 8, 16, 1, FALSE),  -- ç»éªŒå·¨åŒ… 16%
(10, 4, 14, 2, FALSE),  -- å·¨é¢å…‘æ¢ç  14%
(10, 11, 12, 3, FALSE), -- ç­¾åˆ°äº”å€ 12%
(10, 15, 8, 4, FALSE),  -- è¶…çº§å…‘æ¢ç  8%
(10, 3, 8, 5, FALSE),   -- å¤§é¢å…‘æ¢ç  8%
(10, 10, 7, 6, FALSE),  -- ç­¾åˆ°ä¸‰å€ 7%
(10, 7, 6, 7, FALSE),   -- ç»éªŒå¤§åŒ… 6%
(10, 2, 5, 8, FALSE),   -- ä¸­é¢å…‘æ¢ç  5%
(10, 12, 6, 9, TRUE);   -- ç»éªŒæµå¤± 6% (ä¿åº•ç‰©å“)

-- å¤ªä¹™å¢ƒè½¬ç›˜é…ç½® (ID=11)
INSERT OR REPLACE INTO wheel_items (wheel_config_id, prize_id, probability, position_index, is_pity_item) VALUES
(11, 14, 20, 0, FALSE), -- ç­‰çº§æå‡ 20%
(11, 15, 12, 1, FALSE), -- è¶…çº§å…‘æ¢ç  12%
(11, 8, 14, 2, FALSE),  -- ç»éªŒå·¨åŒ… 14%
(11, 11, 12, 3, FALSE), -- ç­¾åˆ°äº”å€ 12%
(11, 4, 10, 4, FALSE),  -- å·¨é¢å…‘æ¢ç  10%
(11, 3, 8, 5, FALSE),   -- å¤§é¢å…‘æ¢ç  8%
(11, 10, 7, 6, FALSE),  -- ç­¾åˆ°ä¸‰å€ 7%
(11, 7, 6, 7, FALSE),   -- ç»éªŒå¤§åŒ… 6%
(11, 2, 5, 8, FALSE),   -- ä¸­é¢å…‘æ¢ç  5%
(11, 12, 6, 9, TRUE);   -- ç»éªŒæµå¤± 6% (ä¿åº•ç‰©å“)

-- å¤§ç½—å¢ƒè½¬ç›˜é…ç½® (ID=12)
INSERT OR REPLACE INTO wheel_items (wheel_config_id, prize_id, probability, position_index, is_pity_item) VALUES
(12, 15, 18, 0, FALSE), -- è¶…çº§å…‘æ¢ç  18%
(12, 14, 16, 1, FALSE), -- ç­‰çº§æå‡ 16%
(12, 8, 14, 2, FALSE),  -- ç»éªŒå·¨åŒ… 14%
(12, 11, 12, 3, FALSE), -- ç­¾åˆ°äº”å€ 12%
(12, 4, 10, 4, FALSE),  -- å·¨é¢å…‘æ¢ç  10%
(12, 3, 8, 5, FALSE),   -- å¤§é¢å…‘æ¢ç  8%
(12, 10, 6, 6, FALSE),  -- ç­¾åˆ°ä¸‰å€ 6%
(12, 7, 5, 7, FALSE),   -- ç»éªŒå¤§åŒ… 5%
(12, 2, 5, 8, FALSE),   -- ä¸­é¢å…‘æ¢ç  5%
(12, 12, 6, 9, TRUE);   -- ç»éªŒæµå¤± 6% (ä¿åº•ç‰©å“)

-- é“ç¥–å¢ƒè½¬ç›˜é…ç½® (ID=13)
INSERT OR REPLACE INTO wheel_items (wheel_config_id, prize_id, probability, position_index, is_pity_item) VALUES
(13, 15, 22, 0, FALSE), -- è¶…çº§å…‘æ¢ç  22%
(13, 14, 18, 1, FALSE), -- ç­‰çº§æå‡ 18%
(13, 8, 15, 2, FALSE),  -- ç»éªŒå·¨åŒ… 15%
(13, 11, 12, 3, FALSE), -- ç­¾åˆ°äº”å€ 12%
(13, 4, 10, 4, FALSE),  -- å·¨é¢å…‘æ¢ç  10%
(13, 3, 8, 5, FALSE),   -- å¤§é¢å…‘æ¢ç  8%
(13, 10, 5, 6, FALSE),  -- ç­¾åˆ°ä¸‰å€ 5%
(13, 7, 4, 7, FALSE),   -- ç»éªŒå¤§åŒ… 4%
(13, 2, 3, 8, FALSE),   -- ä¸­é¢å…‘æ¢ç  3%
(13, 12, 3, 9, TRUE);   -- ç»éªŒæµå¤± 3% (ä¿åº•ç‰©å“)

-- ============================================
-- 12. æ•°æ®å®Œæ•´æ€§éªŒè¯
-- ============================================

-- éªŒè¯æ‰€æœ‰è½¬ç›˜çš„æ¦‚çŽ‡æ€»å’Œæ˜¯å¦ä¸º100%
-- è¿™ä¸ªæŸ¥è¯¢åº”è¯¥è¿”å›žæ‰€æœ‰è½¬ç›˜IDï¼Œå¦‚æžœæŸä¸ªè½¬ç›˜æ¦‚çŽ‡ä¸ç­‰äºŽ100%åˆ™ä¸ä¼šå‡ºçŽ°åœ¨ç»“æžœä¸­
SELECT
    wc.id as wheel_id,
    wc.config_name,
    SUM(wi.probability) as total_probability
FROM wheel_config wc
LEFT JOIN wheel_items wi ON wc.id = wi.wheel_config_id
GROUP BY wc.id, wc.config_name
HAVING SUM(wi.probability) = 100
ORDER BY wc.id;
